,Name,Club,Year,Position,Nationality
0,Petr Cech,Arsenal,2018,Goalkeeper,Czech Republic
1,David Ospina,Arsenal,2018,Goalkeeper,Colombia
2,Dejan Iliev,Arsenal,2018,Goalkeeper,
3,Matt Macey,Arsenal,2018,Goalkeeper,England
4,Bernd Leno,Arsenal,2018,Goalkeeper,Germany
5,Emiliano Martinez,Arsenal,2018,Goalkeeper,Argentina
6,Hector Bellerin,Arsenal,2018,Defender,Spain
7,Per Mertesacker,Arsenal,2018,Defender,Germany
8,Laurent Koscielny,Arsenal,2018,Defender,France
9,Rob Holding,Arsenal,2018,Defender,England
10,Nacho Monreal,Arsenal,2018,Defender,Spain
11,Shkodran Mustafi,Arsenal,2018,Defender,Germany
12,Calum Chambers,Arsenal,2018,Defender,England
13,Konstantinos Mavropanos,Arsenal,2018,Defender,Greece
14,Sead Kolasinac,Arsenal,2018,Defender,Bosnia And Herzegovina
15,Jordi Osei-Tutu,Arsenal,2018,Defender,England
16,Stephan Lichtsteiner,Arsenal,2018,Defender,Switzerland
17,Carl Jenkinson,Arsenal,2018,Defender,England
18,Sokratis,Arsenal,2018,Defender,Greece
19,Zech Medley,Arsenal,2018,Defender,England
20,Julio Pleguezuelo,Arsenal,2018,Defender,Spain
21,Mohamed Elneny,Arsenal,2018,Midfielder,Egypt
22,Henrikh Mkhitaryan,Arsenal,2018,Midfielder,Armenia
23,Aaron Ramsey,Arsenal,2018,Midfielder,Wales
24,Mesut Ozil,Arsenal,2018,Midfielder,Germany
25,Alex Iwobi,Arsenal,2018,Midfielder,Nigeria
26,Santi Cazorla,Arsenal,2018,Midfielder,Spain
27,Ainsley Maitland-Niles,Arsenal,2018,Midfielder,England
28,Granit Xhaka,Arsenal,2018,Midfielder,Switzerland
29,Vlad Dragomir,Arsenal,2018,Midfielder,Romania
30,Charlie Gilmour,Arsenal,2018,Midfielder,Scotland
31,Joseph Willock,Arsenal,2018,Midfielder,England
32,Jeff Reine-Adelaide,Arsenal,2018,Midfielder,France
33,Lucas Torreira,Arsenal,2018,Midfielder,Uruguay
34,Matteo Guendouzi,Arsenal,2018,Midfielder,France
35,Emile Smith Rowe,Arsenal,2018,Midfielder,England
36,Denis Suarez,Arsenal,2018,Midfielder,Spain
37,Alexandre Lacazette,Arsenal,2018,Forward,France
38,Pierre-Emerick Aubameyang,Arsenal,2018,Forward,Gabon
39,Danny Welbeck,Arsenal,2018,Forward,England
40,Josh Dasilva,Arsenal,2018,Forward,England
41,Reiss Nelson,Arsenal,2018,Forward,England
42,Eddie Nketiah,Arsenal,2018,Forward,England
43,Joel Campbell,Arsenal,2018,Forward,Costa Rica
44,Lucas Perez,Arsenal,2018,Forward,Spain
45,Chuba Akpom,Arsenal,2018,Forward,England
46,Tyreece John-Jules,Arsenal,2018,Forward,England
47,Bukayo Saka,Arsenal,2018,Forward,England
48,Hugo Lloris,Tottenham Hotspur,2018,Goalkeeper,France
49,Michel Vorm,Tottenham Hotspur,2018,Goalkeeper,Netherlands
50,Paulo Gazzaniga,Tottenham Hotspur,2018,Goalkeeper,Argentina
51,Alfie Whiteman,Tottenham Hotspur,2018,Goalkeeper,England
52,Brandon Austin,Tottenham Hotspur,2018,Goalkeeper,England
53,Kieran Trippier,Tottenham Hotspur,2018,Defender,England
54,Danny Rose,Tottenham Hotspur,2018,Defender,England
55,Toby Alderweireld,Tottenham Hotspur,2018,Defender,Belgium
56,Jan Vertonghen,Tottenham Hotspur,2018,Defender,Belgium
57,Davinson Sanchez,Tottenham Hotspur,2018,Defender,Colombia
58,Juan Foyth,Tottenham Hotspur,2018,Defender,Argentina
59,Serge Aurier,Tottenham Hotspur,2018,Defender,Cote D'Ivoire
60,Ben Davies,Tottenham Hotspur,2018,Defender,Wales
61,Kyle Walker-Peters,Tottenham Hotspur,2018,Defender,England
62,Anton Walkes,Tottenham Hotspur,2018,Defender,England
63,Cameron Carter-Vickers,Tottenham Hotspur,2018,Defender,United States
64,Timothy Eyoma,Tottenham Hotspur,2018,Defender,England
65,Japhet Tanganga,Tottenham Hotspur,2018,Defender,England
66,Jonathan Dinzeyi,Tottenham Hotspur,2018,Defender,England
67,Erik Lamela,Tottenham Hotspur,2018,Midfielder,Argentina
68,Victor Wanyama,Tottenham Hotspur,2018,Midfielder,Kenya
69,Eric Dier,Tottenham Hotspur,2018,Midfielder,England
70,Moussa Sissoko,Tottenham Hotspur,2018,Midfielder,France
71,Mousa Dembele,Tottenham Hotspur,2018,Midfielder,Belgium
72,Dele Alli,Tottenham Hotspur,2018,Midfielder,England
73,Christian Eriksen,Tottenham Hotspur,2018,Midfielder,Denmark
74,Lucas Moura,Tottenham Hotspur,2018,Midfielder,Brazil
75,Harry Winks,Tottenham Hotspur,2018,Midfielder,England
76,Anthony Georgiou,Tottenham Hotspur,2018,Midfielder,Cyprus
77,Tashan Oakley-Boothe,Tottenham Hotspur,2018,Midfielder,England
78,Georges-Kevin Nkoudou,Tottenham Hotspur,2018,Midfielder,France
79,Luke Amos,Tottenham Hotspur,2018,Midfielder,England
80,Josh Onomah,Tottenham Hotspur,2018,Midfielder,England
81,George Marsh,Tottenham Hotspur,2018,Midfielder,England
82,Shilow Tracey,Tottenham Hotspur,2018,Midfielder,England
83,Paris Maghoma,Tottenham Hotspur,2018,Midfielder,England
84,Jamie Bowden,Tottenham Hotspur,2018,Midfielder,England
85,Oliver Skipp,Tottenham Hotspur,2018,Midfielder,England
86,Son Heung-Min,Tottenham Hotspur,2018,Forward,South Korea
87,Harry Kane,Tottenham Hotspur,2018,Forward,England
88,Fernando Llorente,Tottenham Hotspur,2018,Forward,Spain
89,Kazaiah Sterling,Tottenham Hotspur,2018,Forward,England
90,Vincent Janssen,Tottenham Hotspur,2018,Forward,Netherlands
91,Jordan Pickford,Everton,2018,Goalkeeper,England
92,Maarten Stekelenburg,Everton,2018,Goalkeeper,Netherlands
93,Joel Robles,Everton,2018,Goalkeeper,Spain
94,Mateusz Hewelt,Everton,2018,Goalkeeper,Poland
95,Joao Virginia,Everton,2018,Goalkeeper,Portugal
96,Leighton Baines,Everton,2018,Defender,England
97,Michael Keane,Everton,2018,Defender,England
98,Ashley Williams,Everton,2018,Defender,Wales
99,Phil Jagielka,Everton,2018,Defender,England
100,Eliaquim Mangala,Everton,2018,Defender,France
101,Cuco Martina,Everton,2018,Defender,Curacao
102,Seamus Coleman,Everton,2018,Defender,Ireland
103,Ramiro Funes Mori,Everton,2018,Defender,Argentina
104,Mason Holgate,Everton,2018,Defender,England
105,Luke Garbutt,Everton,2018,Defender,England
106,Jonjoe Kenny,Everton,2018,Defender,England
107,Morgan Feeney,Everton,2018,Defender,England
108,Michael Collins,Everton,2018,Defender,England
109,Jiang Guangtai,Everton,2018,Defender,China
110,Brendan Galloway,Everton,2018,Defender,England
111,Matthew Pennington,Everton,2018,Defender,England
112,Lucas Digne,Everton,2018,Defender,France
113,Callum Connolly,Everton,2018,Defender,England
114,Yerry Mina,Everton,2018,Defender,Colombia
115,Kurt Zouma,Everton,2018,Defender,France
116,Morgan Schneiderlin,Everton,2018,Midfielder,France
117,James McCarthy,Everton,2018,Midfielder,Ireland
118,Idrissa Gueye,Everton,2018,Midfielder,Senegal
119,Gylfi Sigurdsson,Everton,2018,Midfielder,Iceland
120,Davy Klaassen,Everton,2018,Midfielder,Netherlands
121,Tom Davies,Everton,2018,Midfielder,England
122,Beni Baningime,Everton,2018,Midfielder,The Democratic Republic Of Congo
123,Nathan Broadhead,Everton,2018,Midfielder,Wales
124,Alex Denny,Everton,2018,Midfielder,England
125,Fraser Hornby,Everton,2018,Midfielder,Scotland
126,Stephen Duke-McKenna,Everton,2018,Midfielder,Guyana
127,Anthony Gordon,Everton,2018,Midfielder,England
128,Kevin Mirallas,Everton,2018,Midfielder,Belgium
129,Muhamed Besic,Everton,2018,Midfielder,Bosnia And Herzegovina
130,Kieran Dowell,Everton,2018,Midfielder,England
131,Joe Williams,Everton,2018,Midfielder,England
132,Andre Gomes,Everton,2018,Midfielder,Portugal
133,Yannick Bolasie,Everton,2018,Forward,The Democratic Republic Of Congo
134,Theo Walcott,Everton,2018,Forward,England
135,Cenk Tosun,Everton,2018,Forward,Turkey
136,Oumar Niasse,Everton,2018,Forward,Senegal
137,Nikola Vlasic,Everton,2018,Forward,Croatia
138,Dominic Calvert-Lewin,Everton,2018,Forward,England
139,Shayne Lavery,Everton,2018,Forward,Northern Ireland
140,Henry Onyekuru,Everton,2018,Forward,Nigeria
141,Shani Tarashaj,Everton,2018,Forward,Switzerland
142,Sandro Ramirez,Everton,2018,Forward,Spain
143,Ademola Lookman,Everton,2018,Forward,England
144,Richarlison,Everton,2018,Forward,Brazil
145,Bernard,Everton,2018,Forward,Brazil
146,Tom Heaton,Burnley,2018,Goalkeeper,England
147,Anders Lindegaard,Burnley,2018,Goalkeeper,Denmark
148,Nick Pope,Burnley,2018,Goalkeeper,England
149,Adam Legzdins,Burnley,2018,Goalkeeper,England
150,Joe Hart,Burnley,2018,Goalkeeper,England
151,Matthew Lowton,Burnley,2018,Defender,England
152,Charlie Taylor,Burnley,2018,Defender,England
153,James Tarkowski,Burnley,2018,Defender,England
154,Ben Mee,Burnley,2018,Defender,England
155,Stephen Ward,Burnley,2018,Defender,Ireland
156,Phil Bardsley,Burnley,2018,Defender,Scotland
157,Kevin Long,Burnley,2018,Defender,Ireland
158,Tom Anderson,Burnley,2018,Defender,England
159,Ben Gibson,Burnley,2018,Defender,England
160,Ali Koiki,Burnley,2018,Defender,England
161,Anthony Driscoll-Glennon,Burnley,2018,Defender,England
162,Jack Cork,Burnley,2018,Midfielder,England
163,Georges-Kevin Nkoudou,Burnley,2018,Midfielder,France
164,Dean Marney,Burnley,2018,Midfielder,England
165,Robbie Brady,Burnley,2018,Midfielder,Ireland
166,Jeff Hendrick,Burnley,2018,Midfielder,Ireland
167,Steven Defour,Burnley,2018,Midfielder,Belgium
168,Johann Gudmundsson,Burnley,2018,Midfielder,Iceland
169,Ashley Westwood,Burnley,2018,Midfielder,England
170,Aaron Lennon,Burnley,2018,Midfielder,England
171,Aiden O'Neill,Burnley,2018,Midfielder,Australia
172,Brad Jackson,Burnley,2018,Midfielder,England
173,Dwight McNeil,Burnley,2018,Midfielder,England
174,Ntumba Massanka,Burnley,2018,Midfielder,England
175,Josh Benson,Burnley,2018,Midfielder,England
176,Sam Vokes,Burnley,2018,Forward,Wales
177,Ashley Barnes,Burnley,2018,Forward,England
178,Chris Wood,Burnley,2018,Forward,New Zealand
179,Jonathan Walters,Burnley,2018,Forward,Ireland
180,Nahki Wells,Burnley,2018,Forward,Bermuda
181,Chris Long,Burnley,2018,Forward,England
182,Daniel Agyei,Burnley,2018,Forward,England
183,Matej Vydra,Burnley,2018,Forward,Czech Republic
184,Peter Crouch,Burnley,2018,Forward,England
185,Julian Speroni,Crystal Palace,2018,Goalkeeper,Argentina
186,Wayne Hennessey,Crystal Palace,2018,Goalkeeper,Wales
187,Diego Cavalieri,Crystal Palace,2018,Goalkeeper,Brazil
188,Dion Henry,Crystal Palace,2018,Goalkeeper,England
189,Vicente Guaita,Crystal Palace,2018,Goalkeeper,Spain
190,Joe Tupper,Crystal Palace,2018,Goalkeeper,England
191,Lucas Perri,Crystal Palace,2018,Goalkeeper,Brazil
192,Joel Ward,Crystal Palace,2018,Defender,England
193,Patrick van Aanholt,Crystal Palace,2018,Defender,Netherlands
194,James Tomkins,Crystal Palace,2018,Defender,England
195,Scott Dann,Crystal Palace,2018,Defender,England
196,Mamadou Sakho,Crystal Palace,2018,Defender,France
197,Pape Souare,Crystal Palace,2018,Defender,Senegal
198,Damien Delaney,Crystal Palace,2018,Defender,Ireland
199,Aaron Wan-Bissaka,Crystal Palace,2018,Defender,England
200,Jaroslaw Jach,Crystal Palace,2018,Defender,Poland
201,Martin Kelly,Crystal Palace,2018,Defender,England
202,Ryan Inniss,Crystal Palace,2018,Defender,England
203,Sam Woods,Crystal Palace,2018,Defender,England
204,Nikola Tavares,Crystal Palace,2018,Defender,Croatia
205,Jeffrey Schlupp,Crystal Palace,2018,Midfielder,Ghana
206,Luka Milivojevic,Crystal Palace,2018,Midfielder,Serbia
207,Yohan Cabaye,Crystal Palace,2018,Midfielder,France
208,Andros Townsend,Crystal Palace,2018,Midfielder,England
209,Lee Chung-Yong,Crystal Palace,2018,Midfielder,South Korea
210,James McArthur,Crystal Palace,2018,Midfielder,Scotland
211,Jason Eyenga Lokilo,Crystal Palace,2018,Midfielder,The Democratic Republic Of Congo
212,Erdal Rakip,Crystal Palace,2018,Midfielder,Sweden
213,Nya Kirby,Crystal Palace,2018,Midfielder,England
214,Jason Puncheon,Crystal Palace,2018,Midfielder,England
215,Jairo Riedewald,Crystal Palace,2018,Midfielder,Netherlands
216,Sullay Kaikai,Crystal Palace,2018,Midfielder,England
217,Jonathan Williams,Crystal Palace,2018,Midfielder,Wales
218,Cheikhou Kouyate,Crystal Palace,2018,Midfielder,Senegal
219,Max Meyer,Crystal Palace,2018,Midfielder,Germany
220,Giovanni McGregor,Crystal Palace,2018,Midfielder,England
221,Jordon Mutch,Crystal Palace,2018,Midfielder,England
222,Bakary Sako,Crystal Palace,2018,Midfielder,Mali
223,Luke Dreher,Crystal Palace,2018,Midfielder,England
224,Alexander Srloth,Crystal Palace,2018,Forward,Norway
225,Wilfried Zaha,Crystal Palace,2018,Forward,Cote D'Ivoire
226,Christian Benteke,Crystal Palace,2018,Forward,Belgium
227,Connor Wickham,Crystal Palace,2018,Forward,England
228,Levi Lumeka,Crystal Palace,2018,Forward,England
229,James Daly,Crystal Palace,2018,Forward,England
230,Jordan Ayew,Crystal Palace,2018,Forward,Ghana
231,Michy Batshuayi,Crystal Palace,2018,Forward,Belgium
232,Carl Ikeme,Wolverhampton Wanderers,2018,Goalkeeper,Nigeria
233,Harry Burgoyne,Wolverhampton Wanderers,2018,Goalkeeper,England
234,John Ruddy,Wolverhampton Wanderers,2018,Goalkeeper,England
235,Will Norris,Wolverhampton Wanderers,2018,Goalkeeper,England
236,Rui Patricio,Wolverhampton Wanderers,2018,Goalkeeper,Portugal
237,Matt Doherty,Wolverhampton Wanderers,2018,Defender,Ireland
238,Barry Douglas,Wolverhampton Wanderers,2018,Defender,Scotland
239,Ryan Bennett,Wolverhampton Wanderers,2018,Defender,England
240,Danny Batth,Wolverhampton Wanderers,2018,Defender,England
241,Conor Coady,Wolverhampton Wanderers,2018,Defender,England
242,Phil Ofosu-Ayeh,Wolverhampton Wanderers,2018,Defender,Ghana
243,Roderick Miranda,Wolverhampton Wanderers,2018,Defender,Portugal
244,Ruben Vinagre,Wolverhampton Wanderers,2018,Defender,Portugal
245,Kortney Hause,Wolverhampton Wanderers,2018,Defender,England
246,Oskar Buur,Wolverhampton Wanderers,2018,Defender,Denmark
247,Willy Boly,Wolverhampton Wanderers,2018,Defender,France
248,Sylvain Deslandes,Wolverhampton Wanderers,2018,Defender,France
249,Connor Johnson,Wolverhampton Wanderers,2018,Defender,England
250,Cameron John,Wolverhampton Wanderers,2018,Defender,England
251,Jonny,Wolverhampton Wanderers,2018,Defender,Spain
252,Maximilian Kilman,Wolverhampton Wanderers,2018,Defender,England
253,Ethan Ebanks-Landell,Wolverhampton Wanderers,2018,Defender,England
254,Alfred N'Diaye,Wolverhampton Wanderers,2018,Midfielder,Senegal
255,Ruben Neves,Wolverhampton Wanderers,2018,Midfielder,Portugal
256,Jordan Graham,Wolverhampton Wanderers,2018,Midfielder,England
257,Diogo Jota,Wolverhampton Wanderers,2018,Midfielder,Portugal
258,Morgan Gibbs-White,Wolverhampton Wanderers,2018,Midfielder,England
259,Romain Saiss,Wolverhampton Wanderers,2018,Midfielder,Morocco
260,Pote,Wolverhampton Wanderers,2018,Midfielder,Portugal
261,Ben Stevenson,Wolverhampton Wanderers,2018,Midfielder,England
262,Ben Marshall,Wolverhampton Wanderers,2018,Midfielder,England
263,Connor Ronan,Wolverhampton Wanderers,2018,Midfielder,Ireland
264,Daniel Armstrong,Wolverhampton Wanderers,2018,Midfielder,Scotland
265,Prince Oniangue,Wolverhampton Wanderers,2018,Midfielder,Congo
266,Ryan Giles,Wolverhampton Wanderers,2018,Midfielder,England
267,Elliot Watt,Wolverhampton Wanderers,2018,Midfielder,Scotland
268,Pedro Pereira,Wolverhampton Wanderers,2018,Midfielder,Portugal
269,Joao Moutinho,Wolverhampton Wanderers,2018,Midfielder,Portugal
270,Leander Dendoncker,Wolverhampton Wanderers,2018,Midfielder,Belgium
271,Ivan Cavaleiro,Wolverhampton Wanderers,2018,Forward,Portugal
272,Rafa Mir,Wolverhampton Wanderers,2018,Forward,Spain
273,Helder Costa,Wolverhampton Wanderers,2018,Forward,Portugal
274,Benik Afobe,Wolverhampton Wanderers,2018,Forward,The Democratic Republic Of Congo
275,Bright Enobakhare,Wolverhampton Wanderers,2018,Forward,England
276,Leo Bonatini,Wolverhampton Wanderers,2018,Forward,Brazil
277,Raul Jimenez,Wolverhampton Wanderers,2018,Forward,Mexico
278,Michal Zyro,Wolverhampton Wanderers,2018,Forward,Poland
279,Paul Gladon,Wolverhampton Wanderers,2018,Forward,Netherlands
280,Donovan Wilson,Wolverhampton Wanderers,2018,Forward,England
281,Joe Mason,Wolverhampton Wanderers,2018,Forward,Ireland
282,Adama Traore,Wolverhampton Wanderers,2018,Forward,Spain
283,Benny Ashley-Seal,Wolverhampton Wanderers,2018,Forward,England
284,Niall Ennis,Wolverhampton Wanderers,2018,Forward,England
285,Heurelho Gomes,Watford,2018,Goalkeeper,Brazil
286,Orestis Karnezis,Watford,2018,Goalkeeper,Greece
287,Daniel Bachmann,Watford,2018,Goalkeeper,Austria
288,Pontus Dahlberg,Watford,2018,Goalkeeper,Sweden
289,Costel Pantilimon,Watford,2018,Goalkeeper,Romania
290,Ben Foster,Watford,2018,Goalkeeper,England
291,Ben Wilmot,Watford,2018,Defender,England
292,Daryl Janmaat,Watford,2018,Defender,Netherlands
293,Miguel Britos,Watford,2018,Defender,Uruguay
294,Younes Kaboul,Watford,2018,Defender,France
295,Sebastian Prodl,Watford,2018,Defender,Austria
296,Adrian Mariappa,Watford,2018,Defender,Jamaica
297,Craig Cathcart,Watford,2018,Defender,Northern Ireland
298,Kiko Femenia,Watford,2018,Defender,Spain
299,Marvin Zeegelaar,Watford,2018,Defender,Netherlands
300,Jose Holebas,Watford,2018,Defender,Greece
301,Christian Kabasele,Watford,2018,Defender,Belgium
302,Tommie Hoban,Watford,2018,Defender,Ireland
303,Joy Mukena,Watford,2018,Defender,England
304,Marc Navarro,Watford,2018,Defender,Spain
305,Dimitri Foulquier,Watford,2018,Defender,Guadeloupe
306,Brice Dja Djedje,Watford,2018,Defender,Cote D'Ivoire
307,Brandon Mason,Watford,2018,Defender,England
308,Adam Masina,Watford,2018,Defender,Italy
309,Tom Cleverley,Watford,2018,Midfielder,England
310,Didier Ndong,Watford,2018,Midfielder,Gabon
311,Nathaniel Chalobah,Watford,2018,Midfielder,England
312,Abdoulaye Doucoure,Watford,2018,Midfielder,France
313,Will Hughes,Watford,2018,Midfielder,England
314,Dodi Lukebakio,Watford,2018,Midfielder,Belgium
315,Andre Carrillo,Watford,2018,Midfielder,Peru
316,Etienne Capoue,Watford,2018,Midfielder,France
317,Roberto Pereyra,Watford,2018,Midfielder,Argentina
318,Carl Stewart,Watford,2018,Midfielder,England
319,Nordin Amrabat,Watford,2018,Midfielder,Morocco
320,Ken Sema,Watford,2018,Midfielder,Sweden
321,Domingos Quina,Watford,2018,Midfielder,Portugal
322,Gerard Deulofeu,Watford,2018,Forward,Spain
323,Troy Deeney,Watford,2018,Forward,England
324,Richarlison,Watford,2018,Forward,Brazil
325,Jerome Sinclair,Watford,2018,Forward,England
326,Andre Gray,Watford,2018,Forward,England
327,Stefano Okaka,Watford,2018,Forward,Italy
328,Isaac Success,Watford,2018,Forward,Nigeria
329,Mauro Zarate,Watford,2018,Forward,Argentina
330,Michael Folivi,Watford,2018,Forward,England
331,Obbi Oulare,Watford,2018,Forward,Belgium
332,Adalberto Penaranda,Watford,2018,Forward,Venezuela
333,Adrian,West Ham United,2018,Goalkeeper,Spain
334,Nathan Trott,West Ham United,2018,Goalkeeper,England
335,Lukasz Fabianski,West Ham United,2018,Goalkeeper,Poland
336,Winston Reid,West Ham United,2018,Defender,New Zealand
337,Aaron Cresswell,West Ham United,2018,Defender,England
338,Pablo Zabaleta,West Ham United,2018,Defender,Argentina
339,James Collins,West Ham United,2018,Defender,Wales
340,Angelo Ogbonna,West Ham United,2018,Defender,Italy
341,Sam Byram,West Ham United,2018,Defender,England
342,Arthur Masuaku,West Ham United,2018,Defender,The Democratic Republic Of Congo
343,Patrice Evra,West Ham United,2018,Defender,France
344,Josh Pask,West Ham United,2018,Defender,England
345,Vashon Neufville,West Ham United,2018,Defender,England
346,Ryan Fredericks,West Ham United,2018,Defender,England
347,Issa Diop,West Ham United,2018,Defender,France
348,Reece Burke,West Ham United,2018,Defender,England
349,Reece Oxford,West Ham United,2018,Defender,England
350,Fabian Balbuena,West Ham United,2018,Defender,Paraguay
351,Ben Johnson,West Ham United,2018,Defender,England
352,Cheikhou Kouyate,West Ham United,2018,Midfielder,Senegal
353,Manuel Lanzini,West Ham United,2018,Midfielder,Argentina
354,Pedro Obiang,West Ham United,2018,Midfielder,Equatorial Guinea
355,Mark Noble,West Ham United,2018,Midfielder,England
356,Joao Mario,West Ham United,2018,Midfielder,Portugal
357,Sead Haksabanovic,West Ham United,2018,Midfielder,Montenegro
358,Michail Antonio,West Ham United,2018,Midfielder,England
359,Edimilson Fernandes,West Ham United,2018,Midfielder,Switzerland
360,Josh Cullen,West Ham United,2018,Midfielder,Ireland
361,Domingos Quina,West Ham United,2018,Midfielder,Portugal
362,Nathan Holland,West Ham United,2018,Midfielder,England
363,Declan Rice,West Ham United,2018,Midfielder,England
364,Marcus Browne,West Ham United,2018,Midfielder,England
365,Robert Snodgrass,West Ham United,2018,Midfielder,Scotland
366,Martin Samuelsen,West Ham United,2018,Midfielder,Norway
367,Moses Makasi,West Ham United,2018,Midfielder,England
368,Jack Wilshere,West Ham United,2018,Midfielder,England
369,Felipe Anderson,West Ham United,2018,Midfielder,Brazil
370,Carlos Sanchez,West Ham United,2018,Midfielder,Colombia
371,Grady Diangana,West Ham United,2018,Midfielder,England
372,Joe Powell,West Ham United,2018,Midfielder,England
373,Conor Coventry,West Ham United,2018,Midfielder,Ireland
374,Samir Nasri,West Ham United,2018,Midfielder,France
375,Marko Arnautovic,West Ham United,2018,Forward,Austria
376,Andy Carroll,West Ham United,2018,Forward,England
377,Jordan Hugill,West Ham United,2018,Forward,England
378,Chicharito,West Ham United,2018,Forward,Mexico
379,Andriy Yarmolenko,West Ham United,2018,Forward,Ukraine
380,Toni Martinez,West Ham United,2018,Forward,Spain
381,Lucas Perez,West Ham United,2018,Forward,Spain
382,Xande Silva,West Ham United,2018,Forward,Portugal
383,Kasper Schmeichel,Leicester City,2018,Goalkeeper,Denmark
384,Ben Hamer,Leicester City,2018,Goalkeeper,England
385,Eldin Jakupovic,Leicester City,2018,Goalkeeper,Switzerland
386,Danny Ward,Leicester City,2018,Goalkeeper,Wales
387,Danny Simpson,Leicester City,2018,Defender,England
388,Ben Chilwell,Leicester City,2018,Defender,England
389,Wes Morgan,Leicester City,2018,Defender,Jamaica
390,Robert Huth,Leicester City,2018,Defender,Germany
391,Harry Maguire,Leicester City,2018,Defender,England
392,Aleksandar Dragovic,Leicester City,2018,Defender,Austria
393,Christian Fuchs,Leicester City,2018,Defender,Austria
394,Yohan Benalouane,Leicester City,2018,Defender,Tunisia
395,Josh Knight,Leicester City,2018,Defender,England
396,Sam Hughes,Leicester City,2018,Defender,England
397,Daniel Amartey,Leicester City,2018,Defender,Ghana
398,Ricardo Pereira,Leicester City,2018,Defender,Portugal
399,Jonny Evans,Leicester City,2018,Defender,Northern Ireland
400,Callum Elder,Leicester City,2018,Defender,Australia
401,Darnell Johnson,Leicester City,2018,Defender,England
402,Filip Benkovic,Leicester City,2018,Defender,Croatia
403,Caglar Soyuncu,Leicester City,2018,Defender,Turkey
404,Elliott Moore,Leicester City,2018,Defender,England
405,Demarai Gray,Leicester City,2018,Midfielder,England
406,Marc Albrighton,Leicester City,2018,Midfielder,England
407,Adrien Silva,Leicester City,2018,Midfielder,Portugal
408,Vicente Iborra,Leicester City,2018,Midfielder,Spain
409,Matty James,Leicester City,2018,Midfielder,England
410,Wilfred Ndidi,Leicester City,2018,Midfielder,Nigeria
411,Harvey Barnes,Leicester City,2018,Midfielder,England
412,Hamza Choudhury,Leicester City,2018,Midfielder,England
413,James Maddison,Leicester City,2018,Midfielder,England
414,Andy King,Leicester City,2018,Midfielder,Wales
415,Nampalys Mendy,Leicester City,2018,Midfielder,France
416,Bartosz Kapustka,Leicester City,2018,Midfielder,Poland
417,Rachid Ghezzal,Leicester City,2018,Midfielder,Algeria
418,Connor Barrett,Leicester City,2018,Midfielder,England
419,Thakgalo Leshabela,Leicester City,2018,Midfielder,South Africa
420,Youri Tielemans,Leicester City,2018,Midfielder,Belgium
421,Kelechi Iheanacho,Leicester City,2018,Forward,Nigeria
422,Jamie Vardy,Leicester City,2018,Forward,England
423,Shinji Okazaki,Leicester City,2018,Forward,Japan
424,George Thomas,Leicester City,2018,Forward,Wales
425,Fousseni Diabate,Leicester City,2018,Forward,Mali
426,Layton Ndukwu,Leicester City,2018,Forward,England
427,Ahmed Musa,Leicester City,2018,Forward,Nigeria
428,Islam Slimani,Leicester City,2018,Forward,Algeria
429,Leonardo Ulloa,Leicester City,2018,Forward,Argentina
430,Josh Gordon,Leicester City,2018,Forward,England
431,Willy Caballero,Chelsea,2018,Goalkeeper,Argentina
432,Thibaut Courtois,Chelsea,2018,Goalkeeper,Belgium
433,Eduardo,Chelsea,2018,Goalkeeper,Portugal
434,Jared Thompson,Chelsea,2018,Goalkeeper,England
435,Bradley Collins,Chelsea,2018,Goalkeeper,England
436,Marcin Bulka,Chelsea,2018,Goalkeeper,Poland
437,Robert Green,Chelsea,2018,Goalkeeper,England
438,Kepa Arrizabalaga,Chelsea,2018,Goalkeeper,Spain
439,Jamie Cumming,Chelsea,2018,Goalkeeper,England
440,Antonio Rudiger,Chelsea,2018,Defender,Germany
441,Marcos Alonso,Chelsea,2018,Defender,Spain
442,Victor Moses,Chelsea,2018,Defender,Nigeria
443,Davide Zappacosta,Chelsea,2018,Defender,Italy
444,Gary Cahill,Chelsea,2018,Defender,England
445,Andreas Christensen,Chelsea,2018,Defender,Denmark
446,Cesar Azpilicueta,Chelsea,2018,Defender,Spain
447,David Luiz,Chelsea,2018,Defender,Brazil
448,Emerson,Chelsea,2018,Defender,Italy
449,Ethan Ampadu,Chelsea,2018,Defender,Wales
450,Trevoh Chalobah,Chelsea,2018,Defender,England
451,Kurt Zouma,Chelsea,2018,Defender,France
452,Michael Hector,Chelsea,2018,Defender,Jamaica
453,Fikayo Tomori,Chelsea,2018,Defender,England
454,Tomas Kalas,Chelsea,2018,Defender,Czech Republic
455,Ola Aina,Chelsea,2018,Defender,Nigeria
456,Cristian Cuevas,Chelsea,2018,Defender,Chile
457,Matt Miazga,Chelsea,2018,Defender,United States
458,Abdul Rahman Baba,Chelsea,2018,Defender,Ghana
459,Marc Guehi,Chelsea,2018,Defender,England
460,Cesc Fabregas,Chelsea,2018,Midfielder,Spain
461,Daniel Drinkwater,Chelsea,2018,Midfielder,England
462,N'Golo Kante,Chelsea,2018,Midfielder,France
463,Ross Barkley,Chelsea,2018,Midfielder,England
464,Tiemoue Bakayoko,Chelsea,2018,Midfielder,France
465,Kyle Scott,Chelsea,2018,Midfielder,United States
466,Dujon Sterling,Chelsea,2018,Midfielder,England
467,Ruben Loftus-Cheek,Chelsea,2018,Midfielder,England
468,Kenedy,Chelsea,2018,Midfielder,Brazil
469,Jeremie Boga,Chelsea,2018,Midfielder,Cote D'Ivoire
470,Charly Musonda,Chelsea,2018,Midfielder,Belgium
471,Jorginho,Chelsea,2018,Midfielder,Italy
472,Lucas Piazon,Chelsea,2018,Midfielder,Brazil
473,Kasey Palmer,Chelsea,2018,Midfielder,England
474,Mario Pasalic,Chelsea,2018,Midfielder,Croatia
475,Mateo Kovacic,Chelsea,2018,Midfielder,Croatia
476,George McEachran,Chelsea,2018,Midfielder,England
477,Christian Pulisic,Chelsea,2018,Midfielder,United States
478,Lewis Baker,Chelsea,2018,Midfielder,England
479,Marco van Ginkel,Chelsea,2018,Midfielder,Netherlands
480,Alvaro Morata,Chelsea,2018,Forward,Spain
481,Eden Hazard,Chelsea,2018,Forward,Belgium
482,Pedro,Chelsea,2018,Forward,Spain
483,Olivier Giroud,Chelsea,2018,Forward,France
484,Willian,Chelsea,2018,Forward,Brazil
485,Callum Hudson-Odoi,Chelsea,2018,Forward,England
486,Michy Batshuayi,Chelsea,2018,Forward,Belgium
487,Tammy Abraham,Chelsea,2018,Forward,England
488,Isaiah Brown,Chelsea,2018,Forward,England
489,Gonzalo Higuain,Chelsea,2018,Forward,Argentina
490,Robert Elliot,Newcastle United,2018,Goalkeeper,Ireland
491,Martin Dubravka,Newcastle United,2018,Goalkeeper,Slovakia
492,Karl Darlow,Newcastle United,2018,Goalkeeper,England
493,Freddie Woodman,Newcastle United,2018,Goalkeeper,England
494,Matz Sels,Newcastle United,2018,Goalkeeper,Belgium
495,Nathan Harker,Newcastle United,2018,Goalkeeper,England
496,Ciaran Clark,Newcastle United,2018,Defender,Ireland
497,Paul Dummett,Newcastle United,2018,Defender,Wales
498,Jamaal Lascelles,Newcastle United,2018,Defender,England
499,Chancel Mbemba,Newcastle United,2018,Defender,The Democratic Republic Of Congo
500,Javier Manquillo,Newcastle United,2018,Defender,Spain
501,Florian Lejeune,Newcastle United,2018,Defender,France
502,DeAndre Yedlin,Newcastle United,2018,Defender,United States
503,Massadio Haidara,Newcastle United,2018,Defender,Mali
504,Jesus Gamez,Newcastle United,2018,Defender,Spain
505,Achraf Lazaar,Newcastle United,2018,Defender,Morocco
506,Jamie Sterry,Newcastle United,2018,Defender,England
507,Fabian Schar,Newcastle United,2018,Defender,Switzerland
508,Federico Fernandez,Newcastle United,2018,Defender,Argentina
509,Antonio Barreca,Newcastle United,2018,Defender,Italy
510,Lewis Cass,Newcastle United,2018,Defender,England
511,Jacob Murphy,Newcastle United,2018,Midfielder,England
512,Jonjo Shelvey,Newcastle United,2018,Midfielder,England
513,Mohamed Diame,Newcastle United,2018,Midfielder,Senegal
514,Matt Ritchie,Newcastle United,2018,Midfielder,Scotland
515,Isaac Hayden,Newcastle United,2018,Midfielder,England
516,Kenedy,Newcastle United,2018,Midfielder,Brazil
517,Mikel Merino,Newcastle United,2018,Midfielder,Spain
518,Christian Atsu,Newcastle United,2018,Midfielder,Ghana
519,Jack Colback,Newcastle United,2018,Midfielder,England
520,Rolando Aarons,Newcastle United,2018,Midfielder,England
521,Henri Saivet,Newcastle United,2018,Midfielder,Senegal
522,Daniel Barlaser,Newcastle United,2018,Midfielder,England
523,Ki Sung-Yueng,Newcastle United,2018,Midfielder,South Korea
524,Sean Longstaff,Newcastle United,2018,Midfielder,England
525,Callum Roberts,Newcastle United,2018,Midfielder,England
526,Miguel Almiron,Newcastle United,2018,Midfielder,Paraguay
527,Kelland Watts,Newcastle United,2018,Midfielder,England
528,Dwight Gayle,Newcastle United,2018,Forward,England
529,Islam Slimani,Newcastle United,2018,Forward,Algeria
530,Ayoze Perez,Newcastle United,2018,Forward,Spain
531,Joselu,Newcastle United,2018,Forward,Spain
532,Adam Armstrong,Newcastle United,2018,Forward,England
533,Aleksandar Mitrovic,Newcastle United,2018,Forward,Serbia
534,Yoshinori Muto,Newcastle United,2018,Forward,Japan
535,Salomon Rondon,Newcastle United,2018,Forward,Venezuela
536,David de Gea,Manchester United,2018,Goalkeeper,Spain
537,Sergio Romero,Manchester United,2018,Goalkeeper,Argentina
538,Joel Pereira,Manchester United,2018,Goalkeeper,Portugal
539,Sam Johnstone,Manchester United,2018,Goalkeeper,England
540,Lee Grant,Manchester United,2018,Goalkeeper,England
541,Kieran O'Hara,Manchester United,2018,Goalkeeper,Ireland
542,Matej Kovar,Manchester United,2018,Goalkeeper,Czech Republic
543,Victor Lindelof,Manchester United,2018,Defender,Sweden
544,Eric Bailly,Manchester United,2018,Defender,Cote D'Ivoire
545,Phil Jones,Manchester United,2018,Defender,England
546,Marcos Rojo,Manchester United,2018,Defender,Argentina
547,Chris Smalling,Manchester United,2018,Defender,England
548,Daley Blind,Manchester United,2018,Defender,Netherlands
549,Ashley Young,Manchester United,2018,Defender,England
550,Luke Shaw,Manchester United,2018,Defender,England
551,Luis Antonio Valencia,Manchester United,2018,Defender,Ecuador
552,Matteo Darmian,Manchester United,2018,Defender,Italy
553,Diogo Dalot,Manchester United,2018,Defender,Portugal
554,Timothy Fosu-Mensah,Manchester United,2018,Defender,Netherlands
555,Demetri Mitchell,Manchester United,2018,Defender,England
556,Axel Tuanzebe,Manchester United,2018,Defender,England
557,Ro-Shaun Williams,Manchester United,2018,Defender,England
558,Paul Pogba,Manchester United,2018,Midfielder,France
559,Juan Mata,Manchester United,2018,Midfielder,Spain
560,Jesse Lingard,Manchester United,2018,Midfielder,England
561,Michael Carrick,Manchester United,2018,Midfielder,England
562,Ander Herrera,Manchester United,2018,Midfielder,Spain
563,Marouane Fellaini,Manchester United,2018,Midfielder,Belgium
564,Nemanja Matic,Manchester United,2018,Midfielder,Serbia
565,Scott McTominay,Manchester United,2018,Midfielder,Scotland
566,Angel Gomes,Manchester United,2018,Midfielder,England
567,Fred,Manchester United,2018,Midfielder,Brazil
568,Andreas Pereira,Manchester United,2018,Midfielder,Brazil
569,Tahith Chong,Manchester United,2018,Midfielder,Netherlands
570,James Garner,Manchester United,2018,Midfielder,England
571,Ethan Hamilton,Manchester United,2018,Midfielder,Scotland
572,Alexis Sanchez,Manchester United,2018,Forward,Chile
573,Romelu Lukaku,Manchester United,2018,Forward,Belgium
574,Anthony Martial,Manchester United,2018,Forward,France
575,Marcus Rashford,Manchester United,2018,Forward,England
576,Joshua Bohui,Manchester United,2018,Forward,England
577,Mason Greenwood,Manchester United,2018,Forward,England
578,Artur Boruc,AFC Bournemouth,2018,Goalkeeper,Poland
579,Asmir Begovic,AFC Bournemouth,2018,Goalkeeper,Bosnia And Herzegovina
580,Adam Federici,AFC Bournemouth,2018,Goalkeeper,Australia
581,Aaron Ramsdale,AFC Bournemouth,2018,Goalkeeper,England
582,Mark Travers,AFC Bournemouth,2018,Goalkeeper,Ireland
583,Simon Francis,AFC Bournemouth,2018,Defender,England
584,Steve Cook,AFC Bournemouth,2018,Defender,England
585,Nathan Ake,AFC Bournemouth,2018,Defender,Netherlands
586,Charlie Daniels,AFC Bournemouth,2018,Defender,England
587,Brad Smith,AFC Bournemouth,2018,Defender,Australia
588,Adam Smith,AFC Bournemouth,2018,Defender,England
589,Tyrone Mings,AFC Bournemouth,2018,Defender,England
590,Jack Simpson,AFC Bournemouth,2018,Defender,England
591,Rhoys Wiggins,AFC Bournemouth,2018,Defender,Wales
592,Baily Cargill,AFC Bournemouth,2018,Defender,England
593,Shaun Hobson,AFC Bournemouth,2018,Defender,England
594,Diego Rico,AFC Bournemouth,2018,Defender,Spain
595,Nathaniel Clyne,AFC Bournemouth,2018,Defender,England
596,Chris Mepham,AFC Bournemouth,2018,Defender,Wales
597,Corey Jordan,AFC Bournemouth,2018,Defender,England
598,Dan Gosling,AFC Bournemouth,2018,Midfielder,England
599,Andrew Surman,AFC Bournemouth,2018,Midfielder,England
600,Marc Pugh,AFC Bournemouth,2018,Midfielder,England
601,Harry Arter,AFC Bournemouth,2018,Midfielder,Ireland
602,Lewis Cook,AFC Bournemouth,2018,Midfielder,England
603,Junior Stanislas,AFC Bournemouth,2018,Midfielder,England
604,Emerson Hyndman,AFC Bournemouth,2018,Midfielder,United States
605,Ryan Fraser,AFC Bournemouth,2018,Midfielder,Scotland
606,Jordon Ibe,AFC Bournemouth,2018,Midfielder,England
607,Matt Butcher,AFC Bournemouth,2018,Midfielder,England
608,Kyle Taylor,AFC Bournemouth,2018,Midfielder,England
609,Connor Mahoney,AFC Bournemouth,2018,Midfielder,England
610,David Brooks,AFC Bournemouth,2018,Midfielder,Wales
611,Ben Whitfield,AFC Bournemouth,2018,Midfielder,England
612,Jefferson Lerma,AFC Bournemouth,2018,Midfielder,Colombia
613,Mihai-Alexandru Dobre,AFC Bournemouth,2018,Midfielder,Romania
614,Nnamdi Ofoborh,AFC Bournemouth,2018,Midfielder,Nigeria
615,Callum Wilson,AFC Bournemouth,2018,Forward,England
616,Joshua King,AFC Bournemouth,2018,Forward,Norway
617,Jermain Defoe,AFC Bournemouth,2018,Forward,England
618,Lys Mousset,AFC Bournemouth,2018,Forward,France
619,Mikael Ndjoli,AFC Bournemouth,2018,Forward,England
620,Lewis Grabban,AFC Bournemouth,2018,Forward,England
621,Dominic Solanke,AFC Bournemouth,2018,Forward,England
622,Sam Surridge,AFC Bournemouth,2018,Forward,England
623,Claudio Bravo,Manchester City,2018,Goalkeeper,Chile
624,Ederson,Manchester City,2018,Goalkeeper,Brazil
625,Daniel Grimshaw,Manchester City,2018,Goalkeeper,England
626,Arijanet Muric,Manchester City,2018,Goalkeeper,Kosovo
627,Kyle Walker,Manchester City,2018,Defender,England
628,Danilo,Manchester City,2018,Defender,Brazil
629,Vincent Kompany,Manchester City,2018,Defender,Belgium
630,John Stones,Manchester City,2018,Defender,England
631,Aymeric Laporte,Manchester City,2018,Defender,France
632,Benjamin Mendy,Manchester City,2018,Defender,France
633,Tosin Adarabioyo,Manchester City,2018,Defender,England
634,Nicolas Otamendi,Manchester City,2018,Defender,Argentina
635,Demeaco Duhaney,Manchester City,2018,Defender,England
636,Pablo Maffeo,Manchester City,2018,Defender,Spain
637,Oleksandr Zinchenko,Manchester City,2018,Defender,Ukraine
638,Erik Palmer-Brown,Manchester City,2018,Defender,United States
639,Eliaquim Mangala,Manchester City,2018,Defender,France
640,Jason Denayer,Manchester City,2018,Defender,Belgium
641,Eric Garcia,Manchester City,2018,Defender,Spain
642,Cameron Humphreys-Grant,Manchester City,2018,Defender,England
643,Tyreke Wilson,Manchester City,2018,Defender,Ireland
644,Nathanael Ogbeta,Manchester City,2018,Defender,England
645,Philippe Sandler,Manchester City,2018,Defender,Netherlands
646,Ilkay Gundogan,Manchester City,2018,Midfielder,Germany
647,Kevin De Bruyne,Manchester City,2018,Midfielder,Belgium
648,Fabian Delph,Manchester City,2018,Midfielder,England
649,Bernardo Silva,Manchester City,2018,Midfielder,Portugal
650,David Silva,Manchester City,2018,Midfielder,Spain
651,Fernandinho,Manchester City,2018,Midfielder,Brazil
652,Yaya Toure,Manchester City,2018,Midfielder,Cote D'Ivoire
653,Phil Foden,Manchester City,2018,Midfielder,England
654,Tom Dele-Bashiru,Manchester City,2018,Midfielder,Nigeria
655,Patrick Roberts,Manchester City,2018,Midfielder,England
656,Aleix Garcia,Manchester City,2018,Midfielder,Spain
657,Douglas Luiz,Manchester City,2018,Midfielder,Brazil
658,Jack Harrison,Manchester City,2018,Midfielder,England
659,Iker Pozo,Manchester City,2018,Midfielder,Spain
660,Benjamin Garre,Manchester City,2018,Midfielder,Argentina
661,Luke Bolton,Manchester City,2018,Midfielder,England
662,Adrian Bernabe,Manchester City,2018,Midfielder,Spain
663,Claudio Gomes,Manchester City,2018,Midfielder,France
664,Daniel Arzani,Manchester City,2018,Midfielder,Australia
665,Felix Nmecha,Manchester City,2018,Midfielder,England
666,Raheem Sterling,Manchester City,2018,Forward,England
667,Sergio Aguero,Manchester City,2018,Forward,Argentina
668,Leroy Sane,Manchester City,2018,Forward,Germany
669,Gabriel Jesus,Manchester City,2018,Forward,Brazil
670,Lukas Nmecha,Manchester City,2018,Forward,Germany
671,Brahim Diaz,Manchester City,2018,Forward,Spain
672,Olarenwaju Kayode,Manchester City,2018,Forward,Nigeria
673,Riyad Mahrez,Manchester City,2018,Forward,Algeria
674,Nabili Zoubdi Touaizi,Manchester City,2018,Forward,Spain
675,Rabbi Matondo,Manchester City,2018,Forward,Wales
676,Marlos Moreno,Manchester City,2018,Forward,Colombia
677,Taylor Richards,Manchester City,2018,Forward,England
678,Ian Carlo Poveda-Ocampo,Manchester City,2018,Forward,England
679,Loris Karius,Liverpool,2018,Goalkeeper,Germany
680,Simon Mignolet,Liverpool,2018,Goalkeeper,Belgium
681,Adam Bogdan,Liverpool,2018,Goalkeeper,Hungary
682,Danny Ward,Liverpool,2018,Goalkeeper,Wales
683,Caoimhin Kelleher,Liverpool,2018,Goalkeeper,Ireland
684,Kamil Grabara,Liverpool,2018,Goalkeeper,Poland
685,Alisson,Liverpool,2018,Goalkeeper,Brazil
686,Nathaniel Clyne,Liverpool,2018,Defender,England
687,Virgil van Dijk,Liverpool,2018,Defender,Netherlands
688,Dejan Lovren,Liverpool,2018,Defender,Croatia
689,Joseph Gomez,Liverpool,2018,Defender,England
690,Ragnar Klavan,Liverpool,2018,Defender,Estonia
691,Alberto Moreno,Liverpool,2018,Defender,Spain
692,Andrew Robertson,Liverpool,2018,Defender,Scotland
693,Joel Matip,Liverpool,2018,Defender,Cameroon
694,Connor Randall,Liverpool,2018,Defender,England
695,Conor Masterson,Liverpool,2018,Defender,Ireland
696,Trent Alexander-Arnold,Liverpool,2018,Defender,England
697,Jon Flanagan,Liverpool,2018,Defender,England
698,Nathaniel Phillips,Liverpool,2018,Defender,England
699,George Johnston,Liverpool,2018,Defender,Scotland
700,Ki-Jana Hoever,Liverpool,2018,Defender,Netherlands
701,Georginio Wijnaldum,Liverpool,2018,Midfielder,Netherlands
702,James Milner,Liverpool,2018,Midfielder,England
703,Jordan Henderson,Liverpool,2018,Midfielder,England
704,Marko Grujic,Liverpool,2018,Midfielder,Serbia
705,Adam Lallana,Liverpool,2018,Midfielder,England
706,Alex Oxlade-Chamberlain,Liverpool,2018,Midfielder,England
707,Emre Can,Liverpool,2018,Midfielder,Germany
708,Curtis Jones,Liverpool,2018,Midfielder,England
709,Paulo Alves,Liverpool,2018,Midfielder,Portugal
710,Rafael Camacho,Liverpool,2018,Midfielder,Portugal
711,Fabinho,Liverpool,2018,Midfielder,Brazil
712,Naby Keita,Liverpool,2018,Midfielder,Guinea
713,Lazar Markovic,Liverpool,2018,Midfielder,Serbia
714,Ovie Ejaria,Liverpool,2018,Midfielder,England
715,Sheyi Ojo,Liverpool,2018,Midfielder,England
716,Harry Wilson,Liverpool,2018,Midfielder,Wales
717,Allan,Liverpool,2018,Midfielder,Brazil
718,Ryan Kent,Liverpool,2018,Midfielder,England
719,Pedro Chirivella,Liverpool,2018,Midfielder,Spain
720,Isaac Christie-Davies,Liverpool,2018,Midfielder,Wales
721,Herbie Kane,Liverpool,2018,Midfielder,England
722,Ben Woodburn,Liverpool,2018,Forward,Wales
723,Roberto Firmino,Liverpool,2018,Forward,Brazil
724,Mohamed Salah,Liverpool,2018,Forward,Egypt
725,Sadio Mane,Liverpool,2018,Forward,Senegal
726,Danny Ings,Liverpool,2018,Forward,England
727,Dominic Solanke,Liverpool,2018,Forward,England
728,Rhian Brewster,Liverpool,2018,Forward,England
729,Daniel Sturridge,Liverpool,2018,Forward,England
730,Divock Origi,Liverpool,2018,Forward,Belgium
731,Taiwo Awoniyi,Liverpool,2018,Forward,Nigeria
732,Xherdan Shaqiri,Liverpool,2018,Forward,Switzerland
733,Alex McCarthy,Southampton,2018,Goalkeeper,England
734,Stuart Taylor,Southampton,2018,Goalkeeper,England
735,Fraser Forster,Southampton,2018,Goalkeeper,England
736,Harry Lewis,Southampton,2018,Goalkeeper,England
737,Angus Gunn,Southampton,2018,Goalkeeper,England
738,Cedric Soares,Southampton,2018,Defender,Portugal
739,Maya Yoshida,Southampton,2018,Defender,Japan
740,Jack Stephens,Southampton,2018,Defender,England
741,Wesley Hoedt,Southampton,2018,Defender,Netherlands
742,Ryan Bertrand,Southampton,2018,Defender,England
743,Jeremy Pied,Southampton,2018,Defender,France
744,Jan Bednarek,Southampton,2018,Defender,Poland
745,Sam McQueen,Southampton,2018,Defender,England
746,Florin Gardos,Southampton,2018,Defender,Romania
747,Matt Targett,Southampton,2018,Defender,England
748,Yan Valery,Southampton,2018,Defender,France
749,Alfie Jones,Southampton,2018,Defender,England
750,Jannik Vestergaard,Southampton,2018,Defender,Denmark
751,Kayne Ramsay,Southampton,2018,Defender,England
752,Steven Davis,Southampton,2018,Midfielder,Northern Ireland
753,Dusan Tadic,Southampton,2018,Midfielder,Serbia
754,Oriol Romeu,Southampton,2018,Midfielder,Spain
755,James Ward-Prowse,Southampton,2018,Midfielder,England
756,Mario Lemina,Southampton,2018,Midfielder,Gabon
757,Sofiane Boufal,Southampton,2018,Midfielder,Morocco
758,Nathan Redmond,Southampton,2018,Midfielder,England
759,Pierre-Emile Hjbjerg,Southampton,2018,Midfielder,Denmark
760,Josh Sims,Southampton,2018,Midfielder,England
761,Jake Hesketh,Southampton,2018,Midfielder,England
762,Stuart Armstrong,Southampton,2018,Midfielder,Scotland
763,Jordy Clasie,Southampton,2018,Midfielder,Netherlands
764,Mohamed Elyounoussi,Southampton,2018,Midfielder,Norway
765,Harrison Reed,Southampton,2018,Midfielder,England
766,Jake Flannigan,Southampton,2018,Midfielder,England
767,Tyreke Johnson,Southampton,2018,Midfielder,England
768,Callum Slattery,Southampton,2018,Midfielder,England
769,Shane Long,Southampton,2018,Forward,Ireland
770,Guido Carrillo,Southampton,2018,Forward,Argentina
771,Charlie Austin,Southampton,2018,Forward,England
772,Manolo Gabbiadini,Southampton,2018,Forward,Italy
773,Michael Obafemi,Southampton,2018,Forward,Ireland
774,Sam Gallagher,Southampton,2018,Forward,England
775,Danny Ings,Southampton,2018,Forward,England
776,Marcus Barnes,Southampton,2018,Forward,England
777,Mat Ryan,Brighton and Hove Albion,2018,Goalkeeper,Australia
778,Niki Maenpaa,Brighton and Hove Albion,2018,Goalkeeper,Finland
779,Tim Krul,Brighton and Hove Albion,2018,Goalkeeper,Netherlands
780,Jason Steele,Brighton and Hove Albion,2018,Goalkeeper,England
781,David Button,Brighton and Hove Albion,2018,Goalkeeper,England
782,Robert Sanchez,Brighton and Hove Albion,2018,Goalkeeper,Spain
783,Bruno,Brighton and Hove Albion,2018,Defender,Spain
784,Gaetan Bong,Brighton and Hove Albion,2018,Defender,Cameroon
785,Uwe Hunemeier,Brighton and Hove Albion,2018,Defender,Germany
786,Lewis Dunk,Brighton and Hove Albion,2018,Defender,England
787,Connor Goldson,Brighton and Hove Albion,2018,Defender,England
788,Ezequiel Schelotto,Brighton and Hove Albion,2018,Defender,Italy
789,Shane Duffy,Brighton and Hove Albion,2018,Defender,Ireland
790,Liam Rosenior,Brighton and Hove Albion,2018,Defender,England
791,Markus Suttner,Brighton and Hove Albion,2018,Defender,Austria
792,Ales Mateju,Brighton and Hove Albion,2018,Defender,Czech Republic
793,Leon Balogun,Brighton and Hove Albion,2018,Defender,Nigeria
794,Bernardo,Brighton and Hove Albion,2018,Defender,Brazil
795,Ben White,Brighton and Hove Albion,2018,Defender,England
796,Martin Montoya,Brighton and Hove Albion,2018,Defender,Spain
797,Dan Burn,Brighton and Hove Albion,2018,Defender,England
798,Ben Barclay,Brighton and Hove Albion,2018,Defender,England
799,Tudor Baluta,Brighton and Hove Albion,2018,Defender,Romania
800,Leo Ostigard,Brighton and Hove Albion,2018,Defender,Norway
801,Dale Stephens,Brighton and Hove Albion,2018,Midfielder,England
802,Beram Kayal,Brighton and Hove Albion,2018,Midfielder,Israel
803,Jiri Skalak,Brighton and Hove Albion,2018,Midfielder,Czech Republic
804,Anthony Knockaert,Brighton and Hove Albion,2018,Midfielder,France
805,Pascal Gro,Brighton and Hove Albion,2018,Midfielder,Germany
806,Steve Sidwell,Brighton and Hove Albion,2018,Midfielder,England
807,Solly March,Brighton and Hove Albion,2018,Midfielder,England
808,Davy Propper,Brighton and Hove Albion,2018,Midfielder,Netherlands
809,Des Hutchinson,Brighton and Hove Albion,2018,Midfielder,Ireland
810,Jayson Molumby,Brighton and Hove Albion,2018,Midfielder,Ireland
811,Max Sanders,Brighton and Hove Albion,2018,Midfielder,England
812,Mathias Normann,Brighton and Hove Albion,2018,Midfielder,Norway
813,Oliver Norwood,Brighton and Hove Albion,2018,Midfielder,Northern Ireland
814,Rohan Ince,Brighton and Hove Albion,2018,Midfielder,England
815,Soufyan Ahannach,Brighton and Hove Albion,2018,Midfielder,Netherlands
816,Yves Bissouma,Brighton and Hove Albion,2018,Midfielder,Mali
817,Billy Arce,Brighton and Hove Albion,2018,Midfielder,Ecuador
818,Will Collar,Brighton and Hove Albion,2018,Midfielder,England
819,Alexis Mac Allister,Brighton and Hove Albion,2018,Midfielder,Argentina
820,Sam Baldock,Brighton and Hove Albion,2018,Forward,England
821,Tomer Hemed,Brighton and Hove Albion,2018,Forward,Israel
822,Leonardo Ulloa,Brighton and Hove Albion,2018,Forward,Argentina
823,Glenn Murray,Brighton and Hove Albion,2018,Forward,England
824,Jose Izquierdo,Brighton and Hove Albion,2018,Forward,Colombia
825,Jurgen Locadia,Brighton and Hove Albion,2018,Forward,Netherlands
826,Aaron Connolly,Brighton and Hove Albion,2018,Forward,Ireland
827,James Tilley,Brighton and Hove Albion,2018,Forward,England
828,Florin Andone,Brighton and Hove Albion,2018,Forward,Romania
829,Richard Towell,Brighton and Hove Albion,2018,Forward,Ireland
830,Percy Tau,Brighton and Hove Albion,2018,Forward,South Africa
831,Alireza Jahanbakhsh,Brighton and Hove Albion,2018,Forward,Iran
832,Viktor Gyokeres,Brighton and Hove Albion,2018,Forward,Sweden
833,Jan Mlakar,Brighton and Hove Albion,2018,Forward,Slovenia
